id|company_name|business_segment|business
1|Acme Inc.|Technology|Software development
2|Global Corp.|Finance|Investment banking
3|XYZ Corporation|Manufacturing|Automotive parts
4|Smith & Co.|Retail|Clothing and accessories
5|Innovative Solutions|Technology|IT consulting
6|ABC Industries|Manufacturing|Chemicals
7|Big Deals Inc.|Retail|Electronics
8|The Vanguard Group|Finance|Asset management
9|GreenTech Solutions|Technology|Renewable energy
10|Goldman Sachs|Finance|Investment banking
11|Silverstone Enterprises|Manufacturing|Metalworking
12|The Clothing Company|Retail|Fashion
13|Software Solutions Inc.|Technology|Enterprise software
14|Blue Ocean Industries|Manufacturing|Shipbuilding
15|Jones & Associates|Finance|Accounting services
16|Artisanal Foods|Retail|Gourmet food and drink
17|Innovatech Corporation|Technology|Hardware development
18|The Building Company|Construction|Building and remodeling
19|Smithsonian Industries|Manufacturing|Aerospace
20|First National Bank|Finance|Retail banking
21|Greenway Inc.|Technology|Cybersecurity
22|Creative Innovations|Manufacturing|Toys
23|Global Imports|Retail|Furniture
24|Financial Management Services|Finance|Wealth management
25|TechConnect Solutions|Technology|IT outsourcing
26|United Manufacturing|Manufacturing|Pharmaceuticals
27|Gigantic Retail|Retail|Home goods
28|Sustainable Investments|Finance|Sustainable finance
29|Clean Energy Co.|Technology|Clean energy
30|Iron and Steel Inc.|Manufacturing|Steel production
31|Automated Software Solutions|Technology|Automation software
32|Seaside Clothing|Retail|Beachwear
33|CleverTech Corp.|Technology|Artificial intelligence
34|Construction King|Construction|Heavy equipment
35|Defense Dynamics|Manufacturing|Defense technology
36|Capital Partners|Finance|Private equity
37|Innovative Computing Solutions|Technology|Computer hardware
38|Cosmetic Co.|Retail|Beauty products
39|Quantum Solutions|Technology|Quantum computing
40|United Builders|Construction|Commercial construction
41|Industrious Manufacturing|Manufacturing|Heavy machinery
42|Fidelity Investments|Finance|Investment management
43|Digital Transformation Corp.|Technology|Digital transformation
44|Mobile Devices Inc.|Technology|Mobile devices
45|Global Logistics|Retail|Logistics
46|New Energy Inc.|Technology|Alternative energy
47|The Toy Company|Retail|Toys
48|Cloud Systems Inc.|Technology|Cloud computing
49|All-American Manufacturing|Manufacturing|Consumer products
50|Long-Term Investments|Finance|Retirement planning
51|The Gadget Company|Retail|Gadgets and electronics
52|Applied Computing Solutions|Technology|Data analytics
53|Construction Solutions|Construction|Construction management
54|Automotive Innovations|Manufacturing|Automotive technology
55|Asset Management Group|Finance|Asset management
56|Digital Marketing Solutions|Technology|Digital marketing
57|Luxury Retail Co.|Retail|Luxury goods
58|Solar Power Inc.|Technology|Solar energy
59|United Traders|Finance|Trading
60|Building Blocks Construction|Construction|Residential construction