id,name,surname,age
1,John,Doe,25
2,Jane,Smith,32
3,Michael,Johnson,43
4,Samantha,Williams,29
5,Robert,Davis,37
6,Kelly,Jones,21
7,David,Miller,48
8,Alexis,Martin,26
9,Matthew,Lee,30
10,Sarah,Anderson,34
11,Andrew,Clark,41
12,Emily,White,23
13,Brandon,Thompson,28
14,Grace,Taylor,35
15,Isabella,Harris,27
16,Christopher,Young,39
17,Olivia,Lewis,22
18,Nathan,Scott,31
19,Avery,Turner,33
20,Victoria,Carter,36
21,Adam,Jackson,42
22,Leah,Allen,47
23,Ethan,Hughes,25
24,Hailey,Garcia,49
25,Jacob,Wilson,20
26,Madison,Cooper,38
27,Connor,Robinson,46
28,Morgan,Howard,24
29,Landon,Wright,44
30,Lauren,Brooks,27
31,Tyler,Perez,36
32,Brianna,Campbell,23
33,Zachary,Mitchell,26
34,Kaitlyn,Edwards,41
35,Nicholas,Hall,35
36,Katherine,Morris,40
37,Christian,Ramirez,48
38,Chloe,Parker,31
39,Cameron,James,30
40,Ava,Phillips,22
41,Logan,Collins,24
42,Savannah,Turner,39
43,Blake,Adams,20
44,Caroline,Stewart,45
45,Adam,Wood,33
46,Sydney,Price,37
47,Dylan,Cox,28
48,Emma,Rogers,29
49,Brandon,Bailey,42
50,Grace,Reed,44
51,Joshua,Howard,21
52,Lily,Ramirez,50
53,Nathan,Green,38
54,Sofia,Adams,27
55,Anthony,Hill,24
56,Hannah,Cruz,46
57,Trevor,Long,32
58,Kaylee,Flores,43
59,Jason,Gonzalez,31
60,Audrey,Nguyen,45
61,Jeremiah,Watson,41
62,Julia,Scott,39
63,Mason,Kim,20
64,Alexandra,Allen,26
65,Austin,Hall,40
66,Maya,Gomez,47
67,Adam,Roberts,29
68,Katherine,Nguyen,28
69,Jonathan,Mitchell,36
70,Brooke,Turner,22
71,Micah,Murphy,44
72,Kayla,Cook,33
73,Thomas,Foster,25
74,Paige,Carter,49
75,Ryan,Perry,34
76,Abigail,James,23
77,Isaac,Nelson,30
78,Sara,Clark,46
79,William,Young,42
80,Mia,Ramirez,38
81,Carter,Kim,20
82,Hailey,Nguyen,24
83,Jacob,Parker,42
84,Avery,Watson,32
85,Sophia,Foster,29
86,Matthew,Cruz,36
87,Leah,Morris,25
88,Andrew,Brown,43
89,Chloe,Phillips,31
90,Benjamin,Wilson,27
91,Emma,Cooper,22
92,David,Gray,49
93,Grace,Murphy,33
94,Mason,Collins,34
95,Victoria,Gonzalez,44
96,Isabella,Kelly,30
97,Maxwell,Hall,28
98,Lila,Ramirez,50
99,Nolan,Myers,46
100,Harper,Turner,35